Sequence_f,Sequence_F,B_f,B_F
fANGIHR,FANGIHR,8.947755833333336,7.88495166666667
fANGIQR,FANGIQR,11.101092222222224,9.672213333333335
fANGYHR,FANGYHR,8.314275833333337,8.651488333333337
fANGYQR,FANGYQR,10.246537500000002,8.654491666666669
fANTIHR,FANTIHR,8.933340000000003,7.95314666666667
fANTIQR,FANTIQR,11.033253888888892,9.836185833333335
fANTYQR,FANTYQR,10.315395000000002,9.106072500000003
fAPGIHR,FAPGIHR,10.952480000000005,9.005925833333336
fAPGIQR,FAPGIQR,12.935827222222224,11.289924444444448
fAPGYHR,FAPGYHR,9.828947500000002,8.177918333333338
fAPGYQR,FAPGYQR,11.84473777777778,10.30646916666667
fAPTIHR,FAPTIHR,11.265756111111113,9.521470833333336
fAPTIQR,FAPTIQR,13.22162888888889,11.744504444444448
fAPTYHR,FAPTYHR,10.337515833333336,8.672970833333338
fAPTYQR,FAPTYQR,12.05905777777778,10.75116916666667
fCADIEHWNKf,FCADIEHWNKF,23.52331111111112,25.33135555555556
fCADISMFNKf,FCADISMFNKF,31.464920000000006,26.775671111111112
fCADTSHFNKf,FCADTSHFNKF,15.937975555555555,16.268869444444444
fCADTSHWNKf,FCADTSHWNKF,16.756597777777777,17.124083333333335
fCAYIEHWNKf,FCAYIEHWNKF,31.2124666666667,28.203388888888888
fCAYIEMFNKf,FCAYIEMFNKF,46.80429333333333,29.288161111111112
fCAYTEMFNKf,FCAYTEMFNKF,34.54742000000002,46.1978666666667
fCAYTSMFNKf,FCAYTSMFNKF,34.33518000000004,29.486802222222224
fCPDIEHFNKf,FCPDIEHFNKF,25.622373333333336,20.17162055555556
fCPDIEMFNKf,FCPDIEMFNKF,53.309920000000034,28.712333333333337
fCPDIEMWNKf,FCPDIEMWNKF,52.91720000000001,52.72446666666667
fCPDISHFNKf,FCPDISHFNKF,16.40656388888889,19.935052777777777
fCPDISMFNKf,FCPDISMFNKF,19.033326111111112,19.20565111111111
fCPDISMWNKf,FCPDISMWNKF,46.02538666666669,52.14216666666667
fCPDTSHFNKf,FCPDTSHFNKF,22.36847444444445,21.32617333333334
fCPDTSHWNKf,FCPDTSHWNKF,23.906207777777784,20.32776777777778
fCPDTSMWNKf,FCPDTSMWNKF,30.50726333333333,30.46769666666667
fCPYIEHWNKf,FCPYIEHWNKF,34.501346666666706,18.51593888888889
fCPYIEMWNKf,FCPYIEMWNKF,29.740246666666668,38.39628000000002
fCPYISMWNKf,FCPYISMWNKF,29.91179111111112,46.64342000000002
fCPYTEMFNKf,FCPYTEMFNKF,15.820116666666667,16.850683333333336
fCPYTSMWNKf,FCPYTSMWNKF,22.30685555555556,32.2188266666667
fDIEHFNKf,FDIEHFNKF,17.16259555555556,20.32625666666667
fDIEHWNKf,FDIEHWNKF,18.08436888888889,21.59441333333333
fDIEMFNKf,FDIEMFNKF,26.70958888888889,29.371252222222225
fDIEMWNKf,FDIEMWNKF,26.52218888888889,29.359604444444447
fDISHFNKf,FDISHFNKF,16.658883333333335,20.01841111111112
fDISHWNKf,FDISHWNKF,17.34341388888889,20.82933166666667
fDISMFNKf,FDISMFNKF,25.91267777777778,29.402806666666667
fDISMWNKf,FDISMWNKF,25.860562222222228,29.248833333333337
fDTEHFNKf,FDTEHFNKF,14.511587222222223,15.850805555555556
fDTEHWNKf,FDTEHWNKF,15.339943333333334,16.734507222222224
fDTEMFNKf,FDTEMFNKF,22.53946333333334,24.05108666666668
fDTEMWNKf,FDTEMWNKF,23.14437777777778,24.04075111111112
fDTSHFNKf,FDTSHFNKF,13.89937,15.88643888888889
fDTSHWNKf,FDTSHWNKF,14.653212777777778,16.49803277777778
fDTSMFNKf,FDTSMFNKF,21.70374444444445,24.724792222222224
fDTSMWNKf,FDTSMWNKF,22.01424,24.246193333333338
fFMPMSFCDANGIQR,FFMPMSFCDANGIQR,28.97135555555556,30.96006666666667
fFMPMSFCDANGYHR,FFMPMSFCDANGYHR,28.065157777777785,27.15247
fFMPMSFCDANGYQR,FFMPMSFCDANGYQR,33.047666666666686,30.427562222222225
fFMPMSFCDANTIHR,FFMPMSFCDANTIHR,30.15189555555556,30.755586666666662
fFMPMSFCDANTIQR,FFMPMSFCDANTIQR,44.74526666666671,46.1093066666667
fFMPMSFCDANTYHR,FFMPMSFCDANTYHR,29.745822222222223,30.22720444444445
fFMPMSFCDANTYQR,FFMPMSFCDANTYQR,42.915633333333375,45.57260000000002
fFMPMSFCDAPGIQR,FFMPMSFCDAPGIQR,37.38010666666668,38.56580000000002
fFMPMSFCDAPGYHR,FFMPMSFCDAPGYHR,27.943310000000004,28.378736666666672
fFMPMSFCDAPGYQR,FFMPMSFCDAPGYQR,33.54666000000003,34.94618666666668
fFMPMSFCDAPTIHR,FFMPMSFCDAPTIHR,41.25713333333337,39.17022666666668
fFMPMSFCDAPTIQR,FFMPMSFCDAPTIQR,29.155722222222224,29.52940111111112
fFMPMSFCDAPTYHR,FFMPMSFCDAPTYHR,30.73114555555556,27.68853
fFMPMSFCDCNGIQR,FFMPMSFCDCNGIQR,32.17087333333336,30.51788111111112
fFMPMSFCDCPGIHR,FFMPMSFCDCPGIHR,43.24446666666668,44.92780000000002
fFMPMSFCDCPGYHR,FFMPMSFCDCPGYHR,29.127942222222224,29.34351555555556
fFMPMSFCDCPGYQR,FFMPMSFCDCPGYQR,44.08337333333336,42.20718666666667
fFMPMSFCEANGIHR,FFMPMSFCEANGIHR,31.46308000000002,34.20629333333335
fFMPMSFCEANGIQR,FFMPMSFCEANGIQR,28.91782888888889,29.28191888888889
fFMPMSFCEANGYHR,FFMPMSFCEANGYHR,30.51646444444445,27.1459
fFMPMSFCEANGYQR,FFMPMSFCEANGYQR,44.38536000000005,45.92700000000002
fFMPMSFCEANTIHR,FFMPMSFCEANTIHR,28.02536666666667,34.58436666666668
fFMPMSFCEANTIQR,FFMPMSFCEANTIQR,38.54313333333337,47.40828000000002
fFMPMSFCEANTYHR,FFMPMSFCEANTYHR,27.70806666666667,43.58820666666671
fFMPMSFCEANTYQR,FFMPMSFCEANTYQR,47.46222,47.69179333333335
fFMPMSFCEAPGIHR,FFMPMSFCEAPGIHR,30.052502222222223,29.73819333333333
fFMPMSFCEAPGIQR,FFMPMSFCEAPGIQR,43.82348000000002,49.02611333333337
fFMPMSFCEAPGYHR,FFMPMSFCEAPGYHR,27.626024444444447,29.74122111111112
fFMPMSFCEAPGYQR,FFMPMSFCEAPGYQR,33.19180000000003,41.807186666666695
fFMPMSFCEAPTIHR,FFMPMSFCEAPTIHR,29.71053333333333,30.452201111111115
fFMPMSFCEAPTIQR,FFMPMSFCEAPTIQR,45.5224666666667,24.38769666666667
fFMPMSFCEAPTYQR,FFMPMSFCEAPTYQR,49.08012000000002,45.02528666666669
fFMPMSFCECNGIQR,FFMPMSFCECNGIQR,27.964907777777785,26.10798555555556
fFMPMSFCECNTIQR,FFMPMSFCECNTIQR,30.09812666666668,32.21696666666671
fFMPMSFCECPGIHR,FFMPMSFCECPGIHR,29.329814444444445,47.49113333333335
fFMPMSFCECPGYHR,FFMPMSFCECPGYHR,30.14265333333333,29.26037444444445
fFMPMSFCECPGYQR,FFMPMSFCECPGYQR,40.0831666666667,42.17384000000001
fFMPMVFCDANGIHR,FFMPMVFCDANGIHR,30.30408888888889,28.57922555555556
fFMPMVFCDANGIQR,FFMPMVFCDANGIQR,42.85902666666669,30.445704444444445
fFMPMVFCDANGYHR,FFMPMVFCDANGYHR,29.063893333333333,29.28593666666667
fFMPMVFCDANGYQR,FFMPMVFCDANGYQR,38.6276,43.53182666666669
fFMPMVFCDANTIHR,FFMPMVFCDANTIHR,29.576186666666672,40.29713333333336
fFMPMVFCDANTIQR,FFMPMVFCDANTIQR,43.22633333333337,48.1344666666667
fFMPMVFCDANTYHR,FFMPMVFCDANTYHR,29.35747555555556,29.88516111111112
fFMPMVFCDANTYQR,FFMPMVFCDANTYQR,41.85785333333337,43.96190666666669
fFMPMVFCDAPGIHR,FFMPMVFCDAPGIHR,32.72413333333336,31.24660000000003
fFMPMVFCDAPGIQR,FFMPMVFCDAPGIQR,44.72182000000004,46.27192000000002
fFMPMVFCDAPGYHR,FFMPMVFCDAPGYHR,30.01256111111111,30.28257
fFMPMVFCDAPGYQR,FFMPMVFCDAPGYQR,43.4410666666667,45.89167333333336
fFMPMVFCDAPTIHR,FFMPMVFCDAPTIHR,30.51558333333333,31.721220000000017
fFMPMVFCDAPTIQR,FFMPMVFCDAPTIQR,44.73996666666668,49.39196666666669
fFMPMVFCDAPTYHR,FFMPMVFCDAPTYHR,30.07694666666667,43.914800000000014
fFMPMVFCDAPTYQR,FFMPMVFCDAPTYQR,43.9958666666667,49.25829333333334
fFMPMVFCDCNGIQR,FFMPMVFCDCNGIQR,29.71514888888889,30.098960000000005
fFMPMVFCDCNTIQR,FFMPMVFCDCNTIQR,40.39070000000001,30.075311111111112
fFMPMVFCDCPGIQR,FFMPMVFCDCPGIQR,30.111918888888887,45.67004666666668
fFMPMVFCDCPGYHR,FFMPMVFCDCPGYHR,30.8869,33.39350000000002
fFMPMVFCDCPGYQR,FFMPMVFCDCPGYQR,34.835753333333344,37.69055333333336
fFMPMVFCEANGIQR,FFMPMVFCEANGIQR,44.95269333333334,45.99762000000004
fFMPMVFCEANGYHR,FFMPMVFCEANGYHR,37.25648666666669,26.766111111111115
fFMPMVFCEANTIHR,FFMPMVFCEANTIHR,29.18481333333333,43.8176866666667
fFMPMVFCEANTIQR,FFMPMVFCEANTIQR,45.16606666666669,48.80133333333336
fFMPMVFCEANTYQR,FFMPMVFCEANTYQR,38.69360000000003,38.69151333333335
fFMPMVFCEAPGIHR,FFMPMVFCEAPGIHR,34.47629333333336,25.50805777777778
fFMPMVFCEAPGIQR,FFMPMVFCEAPGIQR,48.18915333333334,47.231533333333374
fFMPMVFCEAPGYHR,FFMPMVFCEAPGYHR,35.41906666666671,34.70785333333336
fFMPMVFCEAPTIHR,FFMPMVFCEAPTIHR,34.886000000000024,40.093253333333365
fFMPMVFCEAPTIQR,FFMPMVFCEAPTIQR,45.65500000000003,50.32898000000003
fFMPMVFCEAPTYHR,FFMPMVFCEAPTYHR,36.113440000000026,29.29149777777777
fFMPMVFCEAPTYQR,FFMPMVFCEAPTYQR,47.37953333333334,47.753966666666685
fFMPWSFCDANTIQR,FFMPWSFCDANTIQR,33.085620000000006,49.93536000000003
fFMPWSFCDAPGIQR,FFMPWSFCDAPGIQR,40.83311333333333,27.081557777777785
fFMPWSFCDAPGYHR,FFMPWSFCDAPGYHR,30.127901111111115,30.75860888888889
fFMPWSFCDAPGYQR,FFMPWSFCDAPGYQR,44.37393333333336,46.88262666666668
fFMPWSFCEANGIHR,FFMPWSFCEANGIHR,45.76733333333334,44.8796466666667
fFMPWSFCEANGIQR,FFMPWSFCEANGIQR,31.62244000000004,34.80188000000001
fFMPWSFCEANGYHR,FFMPWSFCEANGYHR,39.43593333333334,43.54998000000003
fFMPWSFCEANTIHR,FFMPWSFCEANTIHR,45.18225333333336,46.74882000000005
fFMPWSFCEANTIQR,FFMPWSFCEANTIQR,32.69003333333336,36.68555333333336
fFMPWSFCEAPTYHR,FFMPWSFCEAPTYHR,42.99648000000005,44.10365333333337
fFMPWSFCECPGIHR,FFMPWSFCECPGIHR,46.441,47.59231333333338
fFMPWSFCECPTIHR,FFMPWSFCECPTIHR,47.12229333333335,48.62398666666667
fFMPWVFCDANGYHR,FFMPWVFCDANGYHR,39.13200666666668,42.53236666666669
fFMPWVFCDANGYQR,FFMPWVFCDANGYQR,45.50653333333335,47.4136
fFMPWVFCDANTIQR,FFMPWVFCDANTIQR,26.421044444444448,26.007700000000003
fFMPWVFCDAPGYHR,FFMPWVFCDAPGYHR,38.87430666666668,41.42828000000003
fFMPWVFCDAPGYQR,FFMPWVFCDAPGYQR,46.27052000000003,48.054333333333375
fFMPWVFCDAPTYQR,FFMPWVFCDAPTYQR,47.38480000000001,49.24161333333333
fFMPWVFCDCPTIHR,FFMPWVFCDCPTIHR,49.14301333333336,50.92950000000005
fFMPWVFCEANTIQR,FFMPWVFCEANTIQR,50.29686666666669,52.353560000000016
fFMPWVFCEANTYQR,FFMPWVFCEANTYQR,49.77582666666669,51.37097333333335
fFMPWVFCEAPTIHR,FFMPWVFCEAPTIHR,27.913261111111115,46.683586666666685
fFMPWVFCECPGIHR,FFMPWVFCECPGIHR,48.785000000000025,50.964920000000006
fFMPWVFCECPGYQR,FFMPWVFCECPGYQR,43.478853333333376,43.95633333333336
fFMPWVFCECPTIHR,FFMPWVFCECPTIHR,49.029420000000016,50.75298666666672
fLADIEHFNKf,FLADIEHFNKF,28.54649666666667,23.05084444444445
fLADIEHWNKf,FLADIEHWNKF,29.46449777777778,24.596675555555564
fLADIEMFNKf,FLADIEMFNKF,47.203053333333344,31.53547333333336
fLADIEMWNKf,FLADIEMWNKF,48.62724,31.969300000000032
fLADISHFNKf,FLADISHFNKF,27.937777777777782,22.258104444444445
fLADISHWNKf,FLADISHWNKF,28.78740666666667,24.02657444444445
fLADISMFNKf,FLADISMFNKF,46.81546666666671,30.91839666666667
fLADISMWNKf,FLADISMWNKF,34.928800000000024,30.936844444444446
fLADTEHFNKf,FLADTEHFNKF,21.95405111111112,17.887637222222224
fLADTEHWNKf,FLADTEHWNKF,23.712327777777784,18.694282222222224
fLADTEMFNKf,FLADTEMFNKF,32.42470000000003,26.91675555555556
fLADTEMWNKf,FLADTEMWNKF,34.1449466666667,27.38328333333334
fLADTSHFNKf,FLADTSHFNKF,21.099863333333342,17.63751166666667
fLADTSHWNKf,FLADTSHWNKF,22.94808111111112,18.46731666666667
fLADTSMFNKf,FLADTSMFNKF,32.0788666666667,26.97483888888889
fLADTSMWNKf,FLADTSMWNKF,34.16311333333337,27.224136666666663
fLAYIEHFNKf,FLAYIEHFNKF,27.531265555555564,24.060333333333336
fLAYIEHWNKf,FLAYIEHWNKF,28.346977777777784,24.61664111111112
fLAYIEMFNKf,FLAYIEMFNKF,40.80444000000003,42.63993333333335
fLAYIEMWNKf,FLAYIEMWNKF,46.598466666666695,42.31539333333336
fLAYISHFNKf,FLAYISHFNKF,26.71482333333333,22.28934666666668
fLAYISHWNKf,FLAYISHWNKF,27.102451111111115,23.315600000000003
fLAYISMFNKf,FLAYISMFNKF,47.00393333333335,39.27308666666667
fLAYISMWNKf,FLAYISMWNKF,44.75190000000004,37.48951333333335
fLAYTEHFNKf,FLAYTEHFNKF,22.773602222222223,18.97595
fLAYTEHWNKf,FLAYTEHWNKF,23.93265444444445,19.6335
fLAYTEMFNKf,FLAYTEMFNKF,37.83654666666669,29.36848555555556
fLAYTEMWNKf,FLAYTEMWNKF,35.66396,29.07942888888889
fLAYTSHFNKf,FLAYTSHFNKF,21.62970777777778,18.448496666666667
fLAYTSHWNKf,FLAYTSHWNKF,22.88723,19.04781555555556
fLAYTSMFNKf,FLAYTSMFNKF,34.53092000000004,28.80222555555556
fLAYTSMWNKf,FLAYTSMWNKF,32.942373333333364,28.51934444444445
fLMPMSFCDANGIHR,FLMPMSFCDANGIHR,28.08921555555556,28.61255333333333
fLMPMSFCDANGIQR,FLMPMSFCDANGIQR,25.89714444444445,30.01626111111112
fLMPMSFCDANGYHR,FLMPMSFCDANGYHR,29.98078555555556,23.08830444444445
fLMPMSFCDANGYQR,FLMPMSFCDANGYQR,41.13253333333336,27.11645111111111
fLMPMSFCDANTIHR,FLMPMSFCDANTIHR,29.37707444444445,37.27183333333335
fLMPMSFCDANTIQR,FLMPMSFCDANTIQR,35.16265333333337,47.56501333333336
fLMPMSFCDANTYHR,FLMPMSFCDANTYHR,29.851420000000005,29.526380000000003
fLMPMSFCDANTYQR,FLMPMSFCDANTYQR,46.27582666666669,44.06168000000005
fLMPMSFCDAPGIHR,FLMPMSFCDAPGIHR,30.571874444444447,36.206800000000015
fLMPMSFCDAPGIQR,FLMPMSFCDAPGIQR,28.26515555555556,28.61684444444445
fLMPMSFCDAPGYHR,FLMPMSFCDAPGYHR,28.05050333333333,27.378235555555563
fLMPMSFCDAPGYQR,FLMPMSFCDAPGYQR,29.60095888888889,44.670486666666704
fLMPMSFCDAPTIHR,FLMPMSFCDAPTIHR,33.58127333333334,42.47418000000005
fLMPMSFCDAPTIQR,FLMPMSFCDAPTIQR,45.91003333333336,26.556522222222227
fLMPMSFCDCNGIQR,FLMPMSFCDCNGIQR,29.406550000000003,29.03781666666667
fLMPMSFCDCNTIQR,FLMPMSFCDCNTIQR,29.758864444444445,29.943336666666667
fLMPMSFCDCPGIHR,FLMPMSFCDCPGIHR,29.55109444444445,44.88495333333336
fLMPMSFCDCPGIQR,FLMPMSFCDCPGIQR,29.707833333333333,29.19184777777778
fLMPMSFCDCPGYHR,FLMPMSFCDCPGYHR,28.306140000000003,28.73801666666667
fLMPMSFCDCPGYQR,FLMPMSFCDCPGYQR,28.76546111111111,38.69843333333336
fLMPMSFCDCPTIQR,FLMPMSFCDCPTIQR,32.908360000000016,30.61422444444445
fLMPMSFCEANGIHR,FLMPMSFCEANGIHR,30.70950444444445,30.79406666666667
fLMPMSFCEANGIQR,FLMPMSFCEANGIQR,28.08120555555556,46.0858666666667
fLMPMSFCEANGYHR,FLMPMSFCEANGYHR,30.565268888888887,31.18900000000002
fLMPMSFCEANGYQR,FLMPMSFCEANGYQR,45.13960000000003,46.29010000000002
fLMPMSFCEANTIHR,FLMPMSFCEANTIHR,27.00162333333333,36.608766666666696
fLMPMSFCEANTIQR,FLMPMSFCEANTIQR,45.83193333333335,28.70081222222223
fLMPMSFCEANTYHR,FLMPMSFCEANTYHR,30.86893888888889,30.954030000000007
fLMPMSFCEANTYQR,FLMPMSFCEANTYQR,45.30866666666671,46.821380000000005
fLMPMSFCEAPGIQR,FLMPMSFCEAPGIQR,28.79563111111112,29.01233111111112
fLMPMSFCEAPGYHR,FLMPMSFCEAPGYHR,27.201724444444444,29.08736888888889
fLMPMSFCEAPGYQR,FLMPMSFCEAPGYQR,27.83487555555556,30.61723555555556
fLMPMSFCEAPTIHR,FLMPMSFCEAPTIHR,38.19555333333335,29.64254222222222
fLMPMSFCEAPTIQR,FLMPMSFCEAPTIQR,46.83413333333334,29.339934444444445
fLMPMSFCEAPTYQR,FLMPMSFCEAPTYQR,66.59464000000003,46.588520000000045
fLMPMSFCECNTIQR,FLMPMSFCECNTIQR,29.30106,29.72327111111112
fLMPMSFCECPGIHR,FLMPMSFCECPGIHR,28.543018888888888,29.074581111111108
fLMPMSFCECPGIQR,FLMPMSFCECPGIQR,37.81976666666668,41.210980000000006
fLMPMSFCECPGYHR,FLMPMSFCECPGYHR,28.209997777777776,28.62698777777777
fLMPMSFCECPGYQR,FLMPMSFCECPGYQR,34.819066666666714,38.32902666666669
fLMPMVFCDANGIHR,FLMPMVFCDANGIHR,29.261922222222225,29.29900333333333
fLMPMVFCDANGIQR,FLMPMVFCDANGIQR,38.87961333333337,29.451181111111115
fLMPMVFCDANGYHR,FLMPMVFCDANGYHR,28.165116666666663,29.137390000000003
fLMPMVFCDANGYQR,FLMPMVFCDANGYQR,36.06880000000001,29.056661111111115
fLMPMVFCDANTIHR,FLMPMVFCDANTIHR,28.73625888888889,29.703924444444446
fLMPMVFCDANTIQR,FLMPMVFCDANTIQR,38.03744666666668,43.57208000000003
fLMPMVFCDANTYHR,FLMPMVFCDANTYHR,28.301585555555555,29.30889111111112
fLMPMVFCDANTYQR,FLMPMVFCDANTYQR,36.27562666666668,46.86669333333336
fLMPMVFCDAPGIHR,FLMPMVFCDAPGIHR,29.749782222222223,30.35945777777778
fLMPMVFCDAPGIQR,FLMPMVFCDAPGIQR,43.64373333333336,28.114953333333336
fLMPMVFCDAPGYQR,FLMPMVFCDAPGYQR,36.22754666666668,36.31594666666669
fLMPMVFCDAPTIHR,FLMPMVFCDAPTIHR,29.931506666666667,30.80782444444445
fLMPMVFCDAPTIQR,FLMPMVFCDAPTIQR,43.33625333333336,45.56202000000002
fLMPMVFCDAPTYHR,FLMPMVFCDAPTYHR,29.38246666666668,30.014457777777785
fLMPMVFCDAPTYQR,FLMPMVFCDAPTYQR,53.65560000000002,44.67582666666669
fLMPMVFCDCNGIQR,FLMPMVFCDCNGIQR,28.921458888888893,29.74215888888889
fLMPMVFCDCPGIHR,FLMPMVFCDCPGIHR,34.025366666666685,35.83261333333337
fLMPMVFCDCPGIQR,FLMPMVFCDCPGIQR,41.72097333333335,30.000560000000007
fLMPMVFCDCPGYHR,FLMPMVFCDCPGYHR,30.22328888888889,30.68802
fLMPMVFCEANGIHR,FLMPMVFCEANGIHR,30.590024444444445,28.472102222222222
fLMPMVFCEANGIQR,FLMPMVFCEANGIQR,46.4793866666667,46.3486666666667
fLMPMVFCEANGYHR,FLMPMVFCEANGYHR,27.95649555555556,39.91492000000002
fLMPMVFCEANGYQR,FLMPMVFCEANGYQR,42.82650666666669,45.17789333333337
fLMPMVFCEANTIQR,FLMPMVFCEANTIQR,47.02478000000002,47.96510000000001
fLMPMVFCEANTYHR,FLMPMVFCEANTYHR,34.38101333333336,31.555493333333345
fLMPMVFCEANTYQR,FLMPMVFCEANTYQR,34.28604666666669,33.58015333333336
fLMPMVFCEAPGIHR,FLMPMVFCEAPGIHR,29.294337777777784,29.167384444444444
fLMPMVFCEAPGYHR,FLMPMVFCEAPGYHR,29.301952222222223,31.78326666666669
fLMPMVFCEAPTIHR,FLMPMVFCEAPTIHR,39.86171333333334,33.54509333333334
fLMPMVFCEAPTIQR,FLMPMVFCEAPTIQR,40.62894666666668,41.08378000000002
fLMPMVFCEAPTYHR,FLMPMVFCEAPTYHR,30.35377777777778,29.08046
fLMPMVFCEAPTYQR,FLMPMVFCEAPTYQR,40.38540000000003,40.59486666666669
fLMPMVFCECNTIQR,FLMPMVFCECNTIQR,34.214313333333365,40.78033333333335
fLMPMVFCECPGYHR,FLMPMVFCECPGYHR,30.352846666666668,30.62655111111112
fLMPMVFCECPGYQR,FLMPMVFCECPGYQR,29.893477777777782,30.37307555555556
fLMPWSFCDANGYHR,FLMPWSFCDANGYHR,30.507744444444448,30.22043666666667
fLMPWSFCDANGYQR,FLMPWSFCDANGYQR,44.79944000000003,44.13643333333337
fLMPWSFCDANTIHR,FLMPWSFCDANTIHR,42.09406666666669,38.49154666666669
fLMPWSFCDAPGYHR,FLMPWSFCDAPGYHR,39.446493333333365,30.224180000000004
fLMPWSFCDAPGYQR,FLMPWSFCDAPGYQR,42.71700000000004,45.15974000000003
fLMPWSFCEANGIHR,FLMPWSFCEANGIHR,39.80610000000004,43.693453333333366
fLMPWSFCEANGIQR,FLMPWSFCEANGIQR,30.36756666666667,30.981422222222225
fLMPWSFCEANTIHR,FLMPWSFCEANTIHR,43.53285333333335,46.18436666666671
fLMPWSFCEANTIQR,FLMPWSFCEANTIQR,30.79052111111111,32.597553333333366
fLMPWSFCEAPTIQR,FLMPWSFCEAPTIQR,31.674180000000035,34.98320000000004
fLMPWSFCECPTIHR,FLMPWSFCECPTIHR,46.32404666666668,48.095986666666704
fLMPWVFCDAPGIHR,FLMPWVFCDAPGIHR,45.20394666666667,43.38773333333336
fLMPWVFCDAPGYHR,FLMPWVFCDAPGYHR,36.09774666666669,39.458426666666696
fLMPWVFCDAPGYQR,FLMPWVFCDAPGYQR,53.89640000000003,50.81460666666669
fLMPWVFCDAPTYHR,FLMPWVFCDAPTYHR,38.52116666666672,43.92366666666669
fLMPWVFCDAPTYQR,FLMPWVFCDAPTYQR,46.849980000000016,48.67185333333336
fLMPWVFCDCPGIQR,FLMPWVFCDCPGIQR,41.89221333333336,24.81703333333333
fLMPWVFCDCPTIHR,FLMPWVFCDCPTIHR,48.559000000000026,50.57518666666667
fLMPWVFCEANTIHR,FLMPWVFCEANTIHR,46.1233666666667,47.67507333333336
fLMPWVFCEANTIQR,FLMPWVFCEANTIQR,49.91524666666672,51.92586666666668
fLMPWVFCEAPTIQR,FLMPWVFCEAPTIQR,29.88885777777778,30.627477777777784
fLMPWVFCECPTIHR,FLMPWVFCECPTIHR,48.55370666666667,50.09004666666669
fLPDIEHFNKf,FLPDIEHFNKF,29.049340000000004,24.14635
fLPDIEHWNKf,FLPDIEHWNKF,29.918231111111115,25.682922222222224
fLPDIEMFNKf,FLPDIEMFNKF,47.33000000000001,35.54764666666671
fLPDIEMWNKf,FLPDIEMWNKF,46.526213333333374,35.015420000000034
fLPDISHFNKf,FLPDISHFNKF,28.84970888888889,23.82925555555556
fLPDISHWNKf,FLPDISHWNKF,29.61577555555556,25.28418666666667
fLPDISMFNKf,FLPDISMFNKF,47.22120000000001,35.009906666666694
fLPDISMWNKf,FLPDISMWNKF,47.71809333333337,34.96303333333336
fLPDTEHFNKf,FLPDTEHFNKF,23.62355555555556,18.459987777777776
fLPDTEHWNKf,FLPDTEHWNKF,24.67168444444445,19.128287222222223
fLPDTEMFNKf,FLPDTEMFNKF,34.78217333333336,27.361300000000004
fLPDTEMWNKf,FLPDTEMWNKF,34.671266666666696,27.37775777777778
fLPDTSHFNKf,FLPDTSHFNKF,23.37999333333333,18.295526111111112
fLPDTSHWNKf,FLPDTSHWNKF,24.755577777777784,19.096644444444443
fLPDTSMFNKf,FLPDTSMFNKF,35.486026666666675,27.545664444444444
fLPDTSMWNKf,FLPDTSMWNKF,36.54760000000002,27.67170555555556
fLPYIEHFNKf,FLPYIEHFNKF,28.07741111111112,24.217736666666667
fLPYIEHWNKf,FLPYIEHWNKF,28.568677777777783,25.024342222222224
fLPYIEMFNKf,FLPYIEMFNKF,49.22429333333335,44.28553333333335
fLPYIEMWNKf,FLPYIEMWNKF,47.62956666666668,43.79726666666667
fLPYISHFNKf,FLPYISHFNKF,27.376963333333336,23.18373666666667
fLPYISHWNKf,FLPYISHWNKF,27.95746666666667,24.210177777777776
fLPYISMFNKf,FLPYISMFNKF,49.01220000000004,43.01422000000002
fLPYTEHFNKf,FLPYTEHFNKF,24.561122222222224,19.427205
fLPYTEHWNKf,FLPYTEHWNKF,25.62324444444445,20.173484444444444
fLPYTEMFNKf,FLPYTEMFNKF,43.43948000000003,29.99521111111112
fLPYTEMWNKf,FLPYTEMWNKF,42.10564000000002,29.716174444444448
fLPYTSHFNKf,FLPYTSHFNKF,23.459141111111112,18.99362222222222
fLPYTSHWNKf,FLPYTSHWNKF,24.502475555555563,19.516582222222222
fLPYTSMFNKf,FLPYTSMFNKF,40.90070666666671,28.379152222222224
fLPYTSMWNKf,FLPYTSMWNKF,39.14996000000002,29.136446666666664
fQGCADIEHFNKf,FQGCADIEHFNKF,19.17059666666667,19.32375833333333
fQGCADIEHWNKf,FQGCADIEHWNKF,20.08768111111112,20.02482055555556
fQGCADIEMFNKf,FQGCADIEMFNKF,27.424222222222227,27.338093333333337
fQGCADIEMWNKf,FQGCADIEMWNKF,27.50564111111112,27.49259111111112
fQGCADISHFNKf,FQGCADISHFNKF,18.906486666666662,18.731321111111114
fQGCADISHWNKf,FQGCADISHWNKF,19.56070611111112,19.622170000000004
fQGCADISMFNKf,FQGCADISMFNKF,27.154433333333337,27.089058888888893
fQGCADISMWNKf,FQGCADISMWNKF,27.12941777777778,27.21288111111112
fQGCADTEHFNKf,FQGCADTEHFNKF,15.656762222222223,15.52002777777778
fQGCADTEHWNKf,FQGCADTEHWNKF,16.579497222222223,16.319690555555557
fQGCADTEMFNKf,FQGCADTEMFNKF,23.009723333333337,22.36398555555556
fQGCADTEMWNKf,FQGCADTEMWNKF,23.293952222222227,22.788551111111115
fQGCADTSHFNKf,FQGCADTSHFNKF,15.399717222222224,15.249691666666669
fQGCADTSHWNKf,FQGCADTSHWNKF,16.14853055555556,16.108664444444443
fQGCADTSMFNKf,FQGCADTSMFNKF,22.91210333333333,22.23602222222222
fQGCADTSMWNKf,FQGCADTSMWNKF,23.058288888888896,22.53071777777778
fQGCAYIEHFNKf,FQGCAYIEHFNKF,20.128856666666668,19.939247777777776
fQGCAYIEHWNKf,FQGCAYIEHWNKF,20.55092777777778,20.38038388888889
fQGCAYIEMFNKf,FQGCAYIEMFNKF,29.734350000000006,29.57821111111111
fQGCAYIEMWNKf,FQGCAYIEMWNKF,29.390982222222224,29.45015111111111
fQGCAYISHFNKf,FQGCAYISHFNKF,19.45086777777778,19.21730888888889
fQGCAYISHWNKf,FQGCAYISHWNKF,19.890977777777778,19.945119444444444
fQGCAYISMFNKf,FQGCAYISMFNKF,29.17658888888889,29.036677777777783
fQGCAYISMWNKf,FQGCAYISMWNKF,28.82761666666667,28.88232888888889
fQGCAYTEHFNKf,FQGCAYTEHFNKF,17.463096666666665,17.182202222222223
fQGCAYTEHWNKf,FQGCAYTEHWNKF,18.010415000000002,17.672645000000003
fQGCAYTEMFNKf,FQGCAYTEMFNKF,26.93305555555556,26.69838
fQGCAYTEMWNKf,FQGCAYTEMWNKF,26.352300000000003,26.422255555555555
fQGCAYTSHFNKf,FQGCAYTSHFNKF,16.82827166666667,16.773266111111113
fQGCAYTSHWNKf,FQGCAYTSHWNKF,17.29956,17.27923888888889
fQGCAYTSMFNKf,FQGCAYTSMFNKF,26.46664666666667,26.08635111111112
fQGCAYTSMWNKf,FQGCAYTSMWNKF,25.82537777777778,25.84474666666667
fQGCPDIEHFNKf,FQGCPDIEHFNKF,19.919538888888887,20.11365555555556
fQGCPDIEHWNKf,FQGCPDIEHWNKF,20.65050111111111,20.93757777777778
fQGCPDIEMFNKf,FQGCPDIEMFNKF,29.43976444444444,28.32741555555556
fQGCPDIEMWNKf,FQGCPDIEMWNKF,28.155136666666667,17.707634444444444
fQGCPDISHFNKf,FQGCPDISHFNKF,19.731525,19.94417388888889
fQGCPDISHWNKf,FQGCPDISHWNKF,20.57114222222222,20.589238888888893
fQGCPDISMFNKf,FQGCPDISMFNKF,28.05833777777778,28.26440888888889
fQGCPDISMWNKf,FQGCPDISMWNKF,27.85636777777778,28.092133333333337
fQGCPDTEHFNKf,FQGCPDTEHFNKF,16.188557222222222,16.328333333333333
fQGCPDTEHWNKf,FQGCPDTEHWNKF,16.886586666666666,17.01800166666667
fQGCPDTEMFNKf,FQGCPDTEMFNKF,23.96671111111112,23.947077777777785
fQGCPDTEMWNKf,FQGCPDTEMWNKF,23.956431111111115,23.97463555555556
fQGCPDTSHFNKf,FQGCPDTSHFNKF,16.06438055555556,16.101266666666668
fQGCPDTSHWNKf,FQGCPDTSHWNKF,16.725039444444445,16.812236111111112
fQGCPDTSMFNKf,FQGCPDTSMFNKF,24.003341111111112,23.92045
fQGCPDTSMWNKf,FQGCPDTSMWNKF,23.396488888888893,23.79162444444445
fQGCPYIEHFNKf,FQGCPYIEHFNKF,20.79846555555556,20.67600333333333
fQGCPYIEHWNKf,FQGCPYIEHWNKF,21.53530111111112,21.185041111111115
fQGCPYIEMFNKf,FQGCPYIEMFNKF,30.76382,30.65865
fQGCPYIEMWNKf,FQGCPYIEMWNKF,30.41537444444445,30.397500000000008
fQGCPYISHFNKf,FQGCPYISHFNKF,19.497315,20.16983888888889
fQGCPYISHWNKf,FQGCPYISHWNKF,20.70571777777777,20.647597222222224
fQGCPYISMFNKf,FQGCPYISMFNKF,30.31635333333333,30.19351555555556
fQGCPYISMWNKf,FQGCPYISMWNKF,29.78539666666667,29.962572222222224
fQGCPYTEHFNKf,FQGCPYTEHFNKF,18.12291722222222,18.125244444444444
fQGCPYTEHWNKf,FQGCPYTEHWNKF,18.703414444444444,18.55555222222222
fQGCPYTEMFNKf,FQGCPYTEMFNKF,27.80953111111112,27.80139
fQGCPYTEMWNKf,FQGCPYTEMWNKF,27.50019666666667,27.390417777777785
fQGCPYTSHFNKf,FQGCPYTSHFNKF,17.439666111111112,17.60490166666667
fQGCPYTSHWNKf,FQGCPYTSHWNKF,18.205272222222224,17.601575555555556
fQGCPYTSMFNKf,FQGCPYTSMFNKF,27.237122222222222,27.29154888888889
fQGCPYTSMWNKf,FQGCPYTSMWNKF,26.643353333333337,26.885120000000004
fQGLADIEHFNKf,FQGLADIEHFNKF,22.84904111111112,24.924814444444447
fQGLADIEHWNKf,FQGLADIEHWNKF,24.29359666666667,26.03520444444445
fQGLADIEMFNKf,FQGLADIEMFNKF,30.42021666666667,34.44623333333337
fQGLADIEMWNKf,FQGLADIEMWNKF,30.56523555555556,34.692666666666696
fQGLADISHFNKf,FQGLADISHFNKF,21.957073333333337,23.99172777777778
fQGLADISHWNKf,FQGLADISHWNKF,23.617028888888896,25.203983333333333
fQGLADISMFNKf,FQGLADISMFNKF,30.20273888888889,32.32042000000001
fQGLADISMWNKf,FQGLADISMWNKF,30.23311222222222,33.12566666666669
fQGLADTEHFNKf,FQGLADTEHFNKF,17.975193333333333,23.68612888888889
fQGLADTEHWNKf,FQGLADTEHWNKF,18.721634444444444,19.571744444444445
fQGLADTEMFNKf,FQGLADTEMFNKF,26.46487555555556,27.36346444444445
fQGLADTEMWNKf,FQGLADTEMWNKF,26.65253777777778,27.565577777777783
fQGLADTSHFNKf,FQGLADTSHFNKF,26.503218888888888,18.47840388888889
fQGLADTSHWNKf,FQGLADTSHWNKF,18.53710555555556,19.30583555555556
fQGLADTSMFNKf,FQGLADTSMFNKF,26.45994888888889,27.29981111111111
fQGLADTSMWNKf,FQGLADTSMWNKF,26.52894555555556,27.791022222222228
fQGLAYIEHFNKf,FQGLAYIEHFNKF,23.680082222222225,25.78617
fQGLAYIEHWNKf,FQGLAYIEHWNKF,24.29131111111112,26.26026111111112
fQGLAYIEMFNKf,FQGLAYIEMFNKF,36.7476466666667,43.37543333333335
fQGLAYISHFNKf,FQGLAYISHFNKF,22.187797777777785,24.657193333333336
fQGLAYISHWNKf,FQGLAYISHWNKF,23.15895888888889,25.31682
fQGLAYISMFNKf,FQGLAYISMFNKF,32.90754666666669,40.25968000000003
fQGLAYISMWNKf,FQGLAYISMWNKF,31.241820000000047,39.39185333333336
fQGLAYTEHFNKf,FQGLAYTEHFNKF,18.85496111111112,19.892398333333333
fQGLAYTEHWNKf,FQGLAYTEHWNKF,19.524255555555555,25.06933444444445
fQGLAYTEMFNKf,FQGLAYTEMFNKF,28.670094444444448,29.603124444444447
fQGLAYTEMWNKf,FQGLAYTEMWNKF,28.31206444444445,29.375258888888894
fQGLAYTSHFNKf,FQGLAYTSHFNKF,18.361563333333336,19.33016055555556
fQGLAYTSHWNKf,FQGLAYTSHWNKF,18.930027777777777,24.231751111111112
fQGLAYTSMFNKf,FQGLAYTSMFNKF,28.11695888888889,29.080311111111115
fQGLAYTSMWNKf,FQGLAYTSMWNKF,27.84863333333334,28.867986666666667
fQGLPDIEHFNKf,FQGLPDIEHFNKF,17.533018333333334,17.696147222222223
fQGLPDIEHWNKf,FQGLPDIEHWNKF,18.218721111111112,26.834995555555555
fQGLPDIEMFNKf,FQGLPDIEMFNKF,32.13940000000002,39.291186666666704
fQGLPDIEMWNKf,FQGLPDIEMWNKF,31.388520000000028,39.02276666666668
fQGLPDISHFNKf,FQGLPDISHFNKF,29.32161111111112,25.61657111111112
fQGLPDISHWNKf,FQGLPDISHWNKF,29.57966444444445,29.845807777777782
fQGLPDISMFNKf,FQGLPDISMFNKF,31.43555333333336,39.15580000000003
fQGLPDISMWNKf,FQGLPDISMWNKF,30.84185,27.090830000000004
fQGLPDTEHFNKf,FQGLPDTEHFNKF,18.632291111111112,19.74354166666667
fQGLPDTEHWNKf,FQGLPDTEHWNKF,19.36560277777778,20.517065
fQGLPDTEMFNKf,FQGLPDTEMFNKF,27.20867111111112,26.558232222222223
fQGLPDTEMWNKf,FQGLPDTEMWNKF,27.12845555555556,28.462480000000003
fQGLPDTSHFNKf,FQGLPDTSHFNKF,18.616006666666667,19.68164833333333
fQGLPDTSHWNKf,FQGLPDTSHWNKF,25.31019888888889,20.53066666666667
fQGLPDTSMFNKf,FQGLPDTSMFNKF,27.240146666666668,26.311710000000005
fQGLPDTSMWNKf,FQGLPDTSMWNKF,27.09878888888889,28.334997777777776
fQGLPYIEHFNKf,FQGLPYIEHFNKF,23.93481888888889,25.434320000000003
fQGLPYIEHWNKf,FQGLPYIEHWNKF,24.56891444444445,26.034064444444446
fQGLPYIEMWNKf,FQGLPYIEMWNKF,38.65613333333337,44.06259333333338
fQGLPYISHFNKf,FQGLPYISHFNKF,30.730567777777782,30.988733333333336
fQGLPYISHWNKf,FQGLPYISHWNKF,30.6231,30.874033333333337
fQGLPYISMWNKf,FQGLPYISMWNKF,36.18085333333335,43.41949333333335
fQGLPYTEHFNKf,FQGLPYTEHFNKF,19.67960666666667,20.836648888888888
fQGLPYTEHWNKf,FQGLPYTEHWNKF,20.24707,21.78204444444445
fQGLPYTEMFNKf,FQGLPYTEMFNKF,29.563516666666672,30.756490000000003
fQGLPYTEMWNKf,FQGLPYTEMWNKF,29.14821111111112,30.385472222222223
fQGLPYTSHFNKf,FQGLPYTSHFNKF,27.634884444444445,20.26949666666667
fQGLPYTSHWNKf,FQGLPYTSHWNKF,19.718414444444445,20.83712222222222
fQGLPYTSMFNKf,FQGLPYTSMFNKF,29.716200000000004,27.34304444444445
fQGLPYTSMWNKf,FQGLPYTSMWNKF,28.65618333333333,29.94854
fQNCADISHWNKf,FQNCADISHWNKF,20.610043333333337,19.45892666666667
fQNCADISMFNKf,FQNCADISMFNKF,35.37263333333337,16.037847222222226
fQNCAYIEHFNKf,FQNCAYIEHFNKF,26.62219666666667,25.97489000000001
fQNCAYIEMFNKf,FQNCAYIEMFNKF,35.81438,21.26857555555556
fQNCAYISHFNKf,FQNCAYISHFNKF,25.661296666666672,25.60099444444445
fQNCAYISHWNKf,FQNCAYISHWNKF,20.941104444444445,28.46054888888889
fQNCAYTEHFNKf,FQNCAYTEHFNKF,30.50962888888889,30.44778888888889
fQNCAYTSHFNKf,FQNCAYTSHFNKF,21.475958888888893,20.12406888888889
fQNCAYTSMFNKf,FQNCAYTSMFNKF,28.705581111111115,28.44686888888889
fQNCPDISHFNKf,FQNCPDISHFNKF,23.86109333333334,23.83470000000001
fQNCPDISHWNKf,FQNCPDISHWNKF,17.92413777777778,17.43695166666667
fQNCPDTSHFNKf,FQNCPDTSHFNKF,19.13594388888889,19.05459055555556
fQNCPYIEHFNKf,FQNCPYIEHFNKF,21.51103333333334,20.47987944444445
fQNCPYIEMFNKf,FQNCPYIEMFNKF,19.33087111111111,13.08197888888889
fQNCPYTEHFNKf,FQNCPYTEHFNKF,18.081096111111112,17.627178333333333
fQNLADIEHFNKf,FQNLADIEHFNKF,23.081962222222227,23.403663333333338
fQNLADIEHWNKf,FQNLADIEHWNKF,24.61900444444445,24.95508888888889
fQNLADIEMFNKf,FQNLADIEMFNKF,30.22921111111112,30.375877777777777
fQNLADIEMWNKf,FQNLADIEMWNKF,30.29785,30.499646666666667
fQNLADISHFNKf,FQNLADISHFNKF,22.47517000000001,22.631360000000004
fQNLADISHWNKf,FQNLADISHWNKF,23.827562222222227,24.36462555555556
fQNLADISMFNKf,FQNLADISMFNKF,30.00938444444445,31.293000000000035
fQNLADISMWNKf,FQNLADISMWNKF,30.13810666666668,30.471502222222227
fQNLADTEHFNKf,FQNLADTEHFNKF,18.174307777777777,18.215605555555555
fQNLADTEHWNKf,FQNLADTEHWNKF,19.00589555555556,19.031903333333336
fQNLADTEMFNKf,FQNLADTEMFNKF,26.40867111111112,26.42707111111112
fQNLADTEMWNKf,FQNLADTEMWNKF,26.685808888888893,26.922917777777776
fQNLADTSHFNKf,FQNLADTSHFNKF,17.882941666666667,18.011845555555556
fQNLADTSHWNKf,FQNLADTSHWNKF,18.771835000000003,18.87531111111112
fQNLADTSMFNKf,FQNLADTSMFNKF,26.479523333333336,26.710671111111115
fQNLADTSMWNKf,FQNLADTSMWNKF,26.512837777777783,26.831970000000005
fQNLAYIEHFNKf,FQNLAYIEHFNKF,23.315827777777784,23.04802444444445
fQNLAYIEHWNKf,FQNLAYIEHWNKF,23.85444444444445,24.09293000000001
fQNLAYIEMFNKf,FQNLAYIEMFNKF,32.697466666666685,33.24878666666669
fQNLAYIEMWNKf,FQNLAYIEMWNKF,31.743713333333343,33.14161333333334
fQNLAYISHFNKf,FQNLAYISHFNKF,21.87645333333333,22.00063888888889
fQNLAYISHWNKf,FQNLAYISHWNKF,22.90276666666667,23.11981
fQNLAYISMFNKf,FQNLAYISMFNKF,30.89849111111112,30.92025666666668
fQNLAYISMWNKf,FQNLAYISMWNKF,30.71041333333333,31.093733333333347
fQNLAYTEHFNKf,FQNLAYTEHFNKF,19.02686555555556,18.889482222222224
fQNLAYTEHWNKf,FQNLAYTEHWNKF,19.455709444444445,19.52488555555556
fQNLAYTEMFNKf,FQNLAYTEMFNKF,28.44332888888889,28.49998555555556
fQNLAYTEMWNKf,FQNLAYTEMWNKF,28.10910555555556,28.29603555555556
fQNLAYTSHFNKf,FQNLAYTSHFNKF,18.50732222222222,18.45593888888889
fQNLAYTSHWNKf,FQNLAYTSHWNKF,19.151319444444447,19.035722222222223
fQNLAYTSMFNKf,FQNLAYTSMFNKF,27.97863333333333,28.006642222222226
fQNLAYTSMWNKf,FQNLAYTSMWNKF,27.662018888888888,27.844700000000003
fQNLPDIEHFNKf,FQNLPDIEHFNKF,23.845674444444445,24.03612222222222
fQNLPDIEHWNKf,FQNLPDIEHWNKF,24.884944444444447,25.169142222222227
fQNLPDIEMFNKf,FQNLPDIEMFNKF,30.73358888888889,30.889066666666672
fQNLPDIEMWNKf,FQNLPDIEMWNKF,30.61631555555556,30.844223333333336
fQNLPDISHFNKf,FQNLPDISHFNKF,23.628550000000004,23.85712777777778
fQNLPDISHWNKf,FQNLPDISHWNKF,24.63687,24.974193333333336
fQNLPDISMFNKf,FQNLPDISMFNKF,30.70611333333333,30.817262222222222
fQNLPDISMWNKf,FQNLPDISMWNKF,30.43841555555556,30.78280555555556
fQNLPDTEHFNKf,FQNLPDTEHFNKF,18.55217777777778,18.58020777777778
fQNLPDTEHWNKf,FQNLPDTEHWNKF,19.245724444444445,19.31820555555556
fQNLPDTEMFNKf,FQNLPDTEMFNKF,26.927546666666665,26.995941111111115
fQNLPDTEMWNKf,FQNLPDTEMWNKF,26.77888111111111,26.991333333333333
fQNLPDTSHFNKf,FQNLPDTSHFNKF,18.516932222222223,18.50139111111111
fQNLPDTSHWNKf,FQNLPDTSHWNKF,19.25319888888889,19.24781277777777
fQNLPDTSMFNKf,FQNLPDTSMFNKF,26.924524444444447,26.97880444444445
fQNLPDTSMWNKf,FQNLPDTSMWNKF,20.563972222222223,28.806140000000003
fQNLPYIEHFNKf,FQNLPYIEHFNKF,23.77697333333334,23.88388888888889
fQNLPYIEHWNKf,FQNLPYIEHWNKF,24.42070222222222,24.626500000000004
fQNLPYIEMFNKf,FQNLPYIEMFNKF,38.965160000000026,40.57893333333334
fQNLPYIEMWNKf,FQNLPYIEMWNKF,36.610600000000034,38.23381333333336
fQNLPYISHFNKf,FQNLPYISHFNKF,23.26279444444445,23.38667111111112
fQNLPYISHWNKf,FQNLPYISHWNKF,24.04848555555556,24.24536
fQNLPYISMFNKf,FQNLPYISMFNKF,37.013780000000025,38.21686666666668
fQNLPYISMWNKf,FQNLPYISMWNKF,34.80030000000002,36.90868666666668
fQNLPYTEHFNKf,FQNLPYTEHFNKF,19.688785000000003,19.898180555555555
fQNLPYTEHWNKf,FQNLPYTEHWNKF,20.25608888888889,20.447434444444447
fQNLPYTEMFNKf,FQNLPYTEMFNKF,29.360816666666672,29.67852000000001
fQNLPYTEMWNKf,FQNLPYTEMWNKF,29.016066666666667,20.96922444444445
fQNLPYTSHFNKf,FQNLPYTSHFNKF,19.16089888888889,19.37564777777778
fQNLPYTSHWNKf,FQNLPYTSHWNKF,19.80652055555556,19.97436722222222
fQNLPYTSMFNKf,FQNLPYTSMFNKF,28.88699666666667,29.135472222222223
fQNLPYTSMWNKf,FQNLPYTSMWNKF,28.474472222222225,28.849428888888887
fSFCDANGIQR,FSFCDANGIQR,26.769614444444446,16.198674444444446
fSFCDANGYHR,FSFCDANGYHR,16.570217777777778,16.15782
fSFCDANGYQR,FSFCDANGYQR,19.71538555555556,19.0205
fSFCDANTIHR,FSFCDANTIHR,17.451224444444446,18.999
fSFCDANTIQR,FSFCDANTIQR,21.50800666666668,16.685552222222224
fSFCDANTYHR,FSFCDANTYHR,23.425183333333337,15.492304444444446
fSFCDANTYQR,FSFCDANTYQR,29.552910000000004,19.504988333333333
fSFCDAPGIHR,FSFCDAPGIHR,19.31504111111111,18.030765
fSFCDAPGIQR,FSFCDAPGIQR,23.57126111111112,21.490211111111112
fSFCDAPGYHR,FSFCDAPGYHR,13.785212222222224,16.724154444444444
fSFCDAPGYQR,FSFCDAPGYQR,16.30888888888889,19.68844777777777
fSFCDAPTYQR,FSFCDAPTYQR,22.97753333333334,18.75868111111111
fSFCDCNGIQR,FSFCDCNGIQR,17.112326111111113,20.493856666666662
fSFCDCPGIHR,FSFCDCPGIHR,21.26053777777778,20.392685
fSFCDCPTIHR,FSFCDCPTIHR,20.70834777777777,26.763090000000005
fSFCDCPTIQR,FSFCDCPTIQR,21.99679555555556,14.420423888888893
fSFCEANGIHR,FSFCEANGIHR,20.349379444444445,19.578543333333336
fSFCEANGIQR,FSFCEANGIQR,25.28081,25.069991111111115
fSFCEANGYHR,FSFCEANGYHR,19.183141666666668,18.480718888888887
fSFCEANGYQR,FSFCEANGYQR,23.458448888888896,21.68970666666667
fSFCEANTIHR,FSFCEANTIHR,20.957543333333334,25.71832555555556
fSFCEANTIQR,FSFCEANTIQR,25.367273333333337,29.72612444444445
fSFCEANTYHR,FSFCEANTYHR,19.95079833333333,23.65251111111112
fSFCEANTYQR,FSFCEANTYQR,22.79732444444445,27.91653555555556
fSFCEAPGIQR,FSFCEAPGIQR,27.06273000000001,19.72814777777777
fSFCEAPGYQR,FSFCEAPGYQR,28.16208888888889,27.73977222222222
fSFCEAPTIQR,FSFCEAPTIQR,23.825351111111114,17.161265
fSFCECPGIHR,FSFCECPGIHR,52.18267333333336,27.220691111111115
fSFCECPGYQR,FSFCECPGYQR,27.561413333333338,27.74847777777778
fSFCECPTIHR,FSFCECPTIHR,20.05357777777778,25.83807888888889
fVFCDANGIHR,FVFCDANGIHR,22.54234444444445,19.758791111111112
fVFCDANGYQR,FVFCDANGYQR,27.163071111111112,16.18116277777778
fVFCDANTYHR,FVFCDANTYHR,22.01987444444445,21.505027777777784
fVFCDANTYQR,FVFCDANTYQR,19.85853611111111,26.97564444444445
fVFCDAPGIHR,FVFCDAPGIHR,20.70688888888889,18.867192222222226
fVFCDAPGIQR,FVFCDAPGIQR,22.061281111111114,23.330988888888893
fVFCDAPGYHR,FVFCDAPGYHR,18.202465555555555,17.457938333333335
fVFCDAPGYQR,FVFCDAPGYQR,23.43112222222223,20.5499
fVFCDAPTYHR,FVFCDAPTYHR,17.954620000000002,21.851048888888894
fVFCDAPTYQR,FVFCDAPTYQR,21.23302555555556,26.877906666666668
fVFCDCPGIHR,FVFCDCPGIHR,27.61497555555556,26.98539333333333
fVFCDCPGIQR,FVFCDCPGIQR,18.823514444444445,23.38503555555556
fVFCDCPGYQR,FVFCDCPGYQR,18.56315,22.20880444444445
fVFCDCPTIHR,FVFCDCPTIHR,28.046573333333345,27.32695555555556
fVFCEANGIHR,FVFCEANGIHR,16.873724444444445,15.805441111111111
fVFCEANGIQR,FVFCEANGIQR,19.901544444444447,30.178970000000007
fVFCEANGYHR,FVFCEANGYHR,18.880286666666667,25.617122222222225
fVFCEANGYQR,FVFCEANGYQR,28.738911111111115,29.60805
fVFCEANTIHR,FVFCEANTIHR,26.635150000000003,26.31055111111112
fVFCEANTIQR,FVFCEANTIQR,30.33826888888889,30.04873444444444
fVFCEANTYHR,FVFCEANTYHR,25.23576777777778,24.561677777777785
fVFCEANTYQR,FVFCEANTYQR,29.06691777777778,28.493586666666666
fVFCEAPGIHR,FVFCEAPGIHR,24.147300000000005,17.48744111111111
fVFCEAPGYHR,FVFCEAPGYHR,12.031166111111114,14.263291111111112
fVFCEAPTIQR,FVFCEAPTIQR,14.979363333333335,19.179922222222224
fVFCEAPTYHR,FVFCEAPTYHR,12.210438333333336,14.763426666666668
fVFCEAPTYQR,FVFCEAPTYQR,13.882162222222224,13.65818888888889
fVFCECPGYQR,FVFCECPGYQR,17.396398333333334,20.595
fVFCECPTIHR,FVFCECPTIHR,27.45285555555556,27.05137111111112
fVGCADIEHFNKf,FVGCADIEHFNKF,26.27248666666667,21.74148333333333
fVGCADIEHWNKf,FVGCADIEHWNKF,27.266667777777776,23.43998888888889
fVGCADIEMFNKf,FVGCADIEMFNKF,41.94253333333336,29.47166555555556
fVGCADIEMWNKf,FVGCADIEMWNKF,42.25009333333338,29.72683555555556
fVGCADISHFNKf,FVGCADISHFNKF,25.59457777777778,20.851719444444445
fVGCADISHWNKf,FVGCADISHWNKF,26.52707111111112,22.68866
fVGCADISMFNKf,FVGCADISMFNKF,40.136666666666684,29.34725111111112
fVGCADISMWNKf,FVGCADISMWNKF,39.84283333333335,29.44393888888889
fVGCADTEHFNKf,FVGCADTEHFNKF,20.30752833333333,17.20238277777778
fVGCADTEHWNKf,FVGCADTEHWNKF,21.181490000000007,17.946302222222222
fVGCADTEMFNKf,FVGCADTEMFNKF,29.764552222222225,25.366351111111115
fVGCADTEMWNKf,FVGCADTEMWNKF,29.322804444444447,25.57209666666667
fVGCADTSHFNKf,FVGCADTSHFNKF,19.998662222222222,17.190491666666667
fVGCADTSHWNKf,FVGCADTSHWNKF,20.91647611111111,17.739959444444445
fVGCADTSMFNKf,FVGCADTSMFNKF,29.18502222222223,25.287203333333338
fVGCADTSMWNKf,FVGCADTSMWNKF,29.31858888888889,25.49761666666668
fVGCAYIEHFNKf,FVGCAYIEHFNKF,27.00863333333334,22.83467555555556
fVGCAYIEHWNKf,FVGCAYIEHWNKF,27.49655111111111,23.76337555555556
fVGCAYIEMFNKf,FVGCAYIEMFNKF,45.751360000000034,34.44093333333336
fVGCAYIEMWNKf,FVGCAYIEMWNKF,45.46340000000004,33.49946666666668
fVGCAYISHFNKf,FVGCAYISHFNKF,26.32707111111112,21.54316888888889
fVGCAYISHWNKf,FVGCAYISHWNKF,26.746466666666667,22.440167777777784
fVGCAYISMFNKf,FVGCAYISMFNKF,45.12725333333336,30.78878888888889
fVGCAYISMWNKf,FVGCAYISMWNKF,45.13296666666668,30.85273555555556
fVGCAYTEHFNKf,FVGCAYTEHFNKF,22.86957333333333,18.660915000000003
fVGCAYTEHWNKf,FVGCAYTEHWNKF,23.670854444444448,19.35951
fVGCAYTEMFNKf,FVGCAYTEMFNKF,35.77872000000005,28.39443333333333
fVGCAYTEMWNKf,FVGCAYTEMWNKF,33.0932866666667,28.41013888888889
fVGCAYTSHFNKf,FVGCAYTSHFNKF,21.80821111111112,18.31476444444445
fVGCAYTSHWNKf,FVGCAYTSHWNKF,22.74394666666667,18.71985777777778
fVGCAYTSMFNKf,FVGCAYTSMFNKF,32.47586666666669,27.929686666666672
fVGCAYTSMWNKf,FVGCAYTSMWNKF,30.921692222222223,27.629581111111115
fVGCPDIEHFNKf,FVGCPDIEHFNKF,26.745588888888893,22.687777777777782
fVGCPDIEHWNKf,FVGCPDIEHWNKF,27.544560000000004,23.970922222222224
fVGCPDIEMFNKf,FVGCPDIEMFNKF,43.6132666666667,30.16628888888889
fVGCPDIEMWNKf,FVGCPDIEMWNKF,43.21100000000004,21.766000000000005
fVGCPDISHFNKf,FVGCPDISHFNKF,26.71260777777778,22.08230666666667
fVGCPDISHWNKf,FVGCPDISHWNKF,27.321816666666667,23.614307777777785
fVGCPDISMFNKf,FVGCPDISMFNKF,22.292216666666672,19.04592111111112
fVGCPDISMWNKf,FVGCPDISMWNKF,42.29616666666669,29.88878777777778
fVGCPDTEHFNKf,FVGCPDTEHFNKF,21.32940444444445,17.79609333333333
fVGCPDTEHWNKf,FVGCPDTEHWNKF,22.29815111111112,18.59956833333333
fVGCPDTEMFNKf,FVGCPDTEMFNKF,29.713174444444448,26.25739666666667
fVGCPDTEMWNKf,FVGCPDTEMWNKF,29.634244444444448,26.215876666666663
fVGCPDTSHFNKf,FVGCPDTSHFNKF,29.22570666666667,19.71199333333333
fVGCPDTSHWNKf,FVGCPDTSHWNKF,22.313703333333336,18.583060000000003
fVGCPDTSMFNKf,FVGCPDTSMFNKF,27.594460000000005,28.009350000000005
fVGCPDTSMWNKf,FVGCPDTSMWNKF,27.63009333333334,28.135622222222228
fVGCPYIEHFNKf,FVGCPYIEHFNKF,27.476197777777777,23.86015555555556
fVGCPYIEHWNKf,FVGCPYIEHWNKF,27.871385555555563,24.787792222222222
fVGCPYIEMFNKf,FVGCPYIEMFNKF,46.16058666666669,39.7105066666667
fVGCPYIEMWNKf,FVGCPYIEMWNKF,45.81528,38.25092000000001
fVGCPYISHFNKf,FVGCPYISHFNKF,26.96578111111112,22.88718888888889
fVGCPYISHWNKf,FVGCPYISHWNKF,27.356822222222227,21.714058888888896
fVGCPYISMFNKf,FVGCPYISMFNKF,45.92288000000002,37.63946666666669
fVGCPYISMWNKf,FVGCPYISMWNKF,45.63493333333335,35.58233333333337
fVGCPYTEHFNKf,FVGCPYTEHFNKF,23.95828111111112,19.56681555555556
fVGCPYTEHWNKf,FVGCPYTEHWNKF,24.70473777777778,20.27293333333333
fVGCPYTEMFNKf,FVGCPYTEMFNKF,39.36093333333335,29.500482222222224
fVGCPYTEMWNKf,FVGCPYTEMWNKF,36.86597333333336,29.144017777777783
fVGCPYTSHFNKf,FVGCPYTSHFNKF,23.12005888888889,21.17543888888889
fVGCPYTSHWNKf,FVGCPYTSHWNKF,24.06577555555556,21.761354444444446
fVGCPYTSMFNKf,FVGCPYTSMFNKF,36.55910666666668,28.964352222222224
fVGCPYTSMWNKf,FVGCPYTSMWNKF,29.49833333333334,28.52867777777778
fVGLADIEHFNKf,FVGLADIEHFNKF,29.01043777777778,26.987350000000006
fVGLADIEHWNKf,FVGLADIEHWNKF,29.907171111111115,27.86386888888889
fVGLADIEMFNKf,FVGLADIEMFNKF,44.04659333333336,43.94236000000004
fVGLADIEMWNKf,FVGLADIEMWNKF,51.49275333333336,21.11643555555556
fVGLADISHFNKf,FVGLADISHFNKF,28.54935555555556,26.186631111111115
fVGLADISHWNKf,FVGLADISHWNKF,29.351404444444448,27.173941111111112
fVGLADISMFNKf,FVGLADISMFNKF,46.26006666666669,43.25463333333337
fVGLADISMWNKf,FVGLADISMWNKF,46.50417333333334,45.29888666666668
fVGLADTEHFNKf,FVGLADTEHFNKF,24.14625777777778,20.22696333333333
fVGLADTEHWNKf,FVGLADTEHWNKF,25.28230666666667,21.17913
fVGLADTEMFNKf,FVGLADTEMFNKF,36.72952000000001,29.20086666666667
fVGLADTEMWNKf,FVGLADTEMWNKF,38.63798000000003,27.73769111111111
fVGLADTSHFNKf,FVGLADTSHFNKF,23.67721555555556,19.91573888888889
fVGLADTSHWNKf,FVGLADTSHWNKF,24.99872666666668,20.81462777777778
fVGLADTSMFNKf,FVGLADTSMFNKF,38.136066666666665,29.108736666666665
fVGLADTSMWNKf,FVGLADTSMWNKF,38.48389333333336,29.274000000000004
fVGLAYIEHFNKf,FVGLAYIEHFNKF,29.18200555555556,27.39497555555556
fVGLAYIEHWNKf,FVGLAYIEHWNKF,29.589647777777778,28.18161777777778
fVGLAYIEMFNKf,FVGLAYIEMFNKF,49.16953333333336,47.36957333333336
fVGLAYIEMWNKf,FVGLAYIEMWNKF,48.334953333333374,46.14828666666668
fVGLAYISHFNKf,FVGLAYISHFNKF,28.37657444444445,26.611300000000004
fVGLAYISHWNKf,FVGLAYISHWNKF,28.834227777777784,27.102880000000003
fVGLAYISMFNKf,FVGLAYISMFNKF,46.29208000000003,45.65829333333335
fVGLAYISMWNKf,FVGLAYISMWNKF,46.24386000000001,45.591386666666665
fVGLAYTEHFNKf,FVGLAYTEHFNKF,25.089153333333336,21.47155111111111
fVGLAYTEHWNKf,FVGLAYTEHWNKF,25.70661555555556,22.82324888888889
fVGLAYTEMFNKf,FVGLAYTEMFNKF,44.73337333333336,32.52344666666667
fVGLAYTEMWNKf,FVGLAYTEMWNKF,26.44427555555556,31.267720000000025
fVGLAYTSHFNKf,FVGLAYTSHFNKF,24.71264444444445,20.69153888888889
fVGLAYTSHWNKf,FVGLAYTSHWNKF,25.42108777777777,21.58674444444445
fVGLAYTSMFNKf,FVGLAYTSMFNKF,43.322520000000026,30.93987555555556
fVGLAYTSMWNKf,FVGLAYTSMWNKF,41.89133333333336,30.53421666666667
fVGLPDIEHFNKf,FVGLPDIEHFNKF,29.60413,27.50828111111112
fVGLPDIEHWNKf,FVGLPDIEHWNKF,30.589224444444444,28.41647555555556
fVGLPDIEMFNKf,FVGLPDIEMFNKF,47.89755333333335,22.11727333333334
fVGLPDIEMWNKf,FVGLPDIEMWNKF,47.57866666666669,23.345791111111115
fVGLPDISHFNKf,FVGLPDISHFNKF,29.479280000000003,27.34668444444445
fVGLPDISHWNKf,FVGLPDISHWNKF,30.28685888888889,28.233822222222223
fVGLPDISMFNKf,FVGLPDISMFNKF,47.64545333333336,45.11760000000004
fVGLPDISMWNKf,FVGLPDISMWNKF,47.40286000000003,45.12293333333338
fVGLPDTEHFNKf,FVGLPDTEHFNKF,25.344232222222224,21.622277777777786
fVGLPDTEHWNKf,FVGLPDTEHWNKF,26.34230555555556,23.218800000000005
fVGLPDTEMFNKf,FVGLPDTEMFNKF,40.92300000000003,30.300262222222223
fVGLPDTEMWNKf,FVGLPDTEMWNKF,40.86685333333335,30.40592555555556
fVGLPDTSHFNKf,FVGLPDTSHFNKF,25.403313333333333,21.575693333333337
fVGLPDTSHWNKf,FVGLPDTSHWNKF,26.346814444444448,23.187751111111112
fVGLPDTSMFNKf,FVGLPDTSMFNKF,40.66558666666669,30.25551666666667
fVGLPDTSMWNKf,FVGLPDTSMWNKF,41.23230000000004,30.355106666666664
fVGLPYIEHFNKf,FVGLPYIEHFNKF,29.17569555555556,27.130994444444447
fVGLPYIEHWNKf,FVGLPYIEHWNKF,29.669500000000003,27.65291555555556
fVGLPYIEMFNKf,FVGLPYIEMFNKF,48.75118000000003,46.67717333333337
fVGLPYIEMWNKf,FVGLPYIEMWNKF,48.35730000000004,46.495226666666696
fVGLPYISHFNKf,FVGLPYISHFNKF,28.63761333333333,26.588380000000004
fVGLPYISHWNKf,FVGLPYISHWNKF,29.16311111111112,27.228162222222227
fVGLPYISMFNKf,FVGLPYISMFNKF,48.2526,46.04616666666669
fVGLPYISMWNKf,FVGLPYISMWNKF,47.932000000000045,20.41666222222222
fVGLPYTEHFNKf,FVGLPYTEHFNKF,26.043998888888893,23.246694444444447
fVGLPYTEHWNKf,FVGLPYTEHWNKF,26.77793333333334,24.31265555555556
fVGLPYTEMFNKf,FVGLPYTEMFNKF,44.11781333333335,38.75102000000004
fVGLPYTEMWNKf,FVGLPYTEMWNKF,43.90044666666668,36.95868666666669
fVGLPYTSHFNKf,FVGLPYTSHFNKF,30.36714,22.14442666666667
fVGLPYTSHWNKf,FVGLPYTSHWNKF,26.17735888888889,23.563131111111115
fVGLPYTSMFNKf,FVGLPYTSMFNKF,44.93197333333336,36.49028000000001
fVGLPYTSMWNKf,FVGLPYTSMWNKF,29.58523333333333,34.2558866666667
fVNCAYIEMFNKf,FVNCAYIEMFNKF,25.385622222222228,17.876874444444447
fVNCAYTEHFNKf,FVNCAYTEHFNKF,26.85704666666667,22.44922555555556
fVNCPDISHWNKf,FVNCPDISHWNKF,20.42137,20.228357777777777
fVNCPYIEHFNKf,FVNCPYIEHFNKF,28.356992222222225,14.706095555555557
fVNCPYIEMFNKf,FVNCPYIEMFNKF,25.44222444444445,26.04498333333333
fVNCPYISHWNKf,FVNCPYISHWNKF,30.575266666666668,27.31871888888889
fVNLADIEHFNKf,FVNLADIEHFNKF,30.125527777777783,27.027922222222223
fVNLADIEHWNKf,FVNLADIEHWNKF,30.8089,27.994251111111115
fVNLADIEMFNKf,FVNLADIEMFNKF,47.611433333333366,43.00891333333337
fVNLADIEMWNKf,FVNLADIEMWNKF,47.64013333333335,40.42462000000003
fVNLADISHFNKf,FVNLADISHFNKF,29.45144222222222,26.45478444444445
fVNLADISHWNKf,FVNLADISHWNKF,30.395830000000004,27.47767111111112
fVNLADISMFNKf,FVNLADISMFNKF,24.814617777777784,42.99080000000004
fVNLADISMWNKf,FVNLADISMWNKF,47.31285333333335,43.665400000000005
fVNLADTEHFNKf,FVNLADTEHFNKF,25.040852222222227,20.339482222222223
fVNLADTEHWNKf,FVNLADTEHWNKF,26.039977777777786,21.51963888888889
fVNLADTEMFNKf,FVNLADTEMFNKF,39.40715333333338,29.065322222222225
fVNLADTEMWNKf,FVNLADTEMWNKF,39.91757333333334,29.25764888888889
fVNLADTSHFNKf,FVNLADTSHFNKF,24.661140000000003,20.205709444444445
fVNLADTSHWNKf,FVNLADTSHWNKF,25.78578666666667,21.083557777777784
fVNLADTSMFNKf,FVNLADTSMFNKF,38.817980000000006,28.97897555555556
fVNLADTSMWNKf,FVNLADTSMWNKF,39.66264000000001,29.35658
fVNLAYIEHFNKf,FVNLAYIEHFNKF,30.073884444444445,26.89181111111112
fVNLAYIEHWNKf,FVNLAYIEHWNKF,30.44519222222222,27.241082222222225
fVNLAYIEMFNKf,FVNLAYIEMFNKF,48.41466666666668,45.27733333333336
fVNLAYIEMWNKf,FVNLAYIEMWNKF,48.1996,44.59958666666668
fVNLAYISHFNKf,FVNLAYISHFNKF,29.384297777777785,26.083326666666668
fVNLAYISHWNKf,FVNLAYISHWNKF,29.858008888888893,26.691896666666672
fVNLAYISMFNKf,FVNLAYISMFNKF,49.39462000000003,44.40394666666669
fVNLAYISMWNKf,FVNLAYISMWNKF,16.86442611111111,44.30365333333336
fVNLAYTEHFNKf,FVNLAYTEHFNKF,25.90683444444445,20.84604055555556
fVNLAYTEHWNKf,FVNLAYTEHWNKF,26.44124777777778,21.987705555555564
fVNLAYTEMFNKf,FVNLAYTEMFNKF,44.9138466666667,30.63539111111111
fVNLAYTEMWNKf,FVNLAYTEMWNKF,29.024190000000004,30.422202222222225
fVNLAYTSHFNKf,FVNLAYTSHFNKF,25.260662222222223,20.42849888888889
fVNLAYTSHWNKf,FVNLAYTSHWNKF,25.99,21.11193333333334
fVNLAYTSMFNKf,FVNLAYTSMFNKF,44.01433333333336,30.102541111111115
fVNLAYTSMWNKf,FVNLAYTSMWNKF,43.19281333333336,30.181480000000008
fVNLPDIEHFNKf,FVNLPDIEHFNKF,30.05995555555556,26.719373333333337
fVNLPDIEHWNKf,FVNLPDIEHWNKF,30.788592222222228,27.61696666666667
fVNLPDIEMFNKf,FVNLPDIEMFNKF,47.69994666666668,43.22558000000001
fVNLPDIEMWNKf,FVNLPDIEMWNKF,47.56806666666668,43.20874666666669
fVNLPDISHFNKf,FVNLPDISHFNKF,30.11638333333333,26.555217777777777
fVNLPDISHWNKf,FVNLPDISHWNKF,30.71296333333333,27.40120333333333
fVNLPDISMFNKf,FVNLPDISMFNKF,47.91568666666669,43.3572666666667
fVNLPDISMWNKf,FVNLPDISMWNKF,47.45814666666669,44.62719333333334
fVNLPDTEHFNKf,FVNLPDTEHFNKF,25.80428888888889,20.58446111111111
fVNLPDTEHWNKf,FVNLPDTEHWNKF,26.690377777777783,21.66941111111112
fVNLPDTEMFNKf,FVNLPDTEMFNKF,42.93026666666668,29.29645555555556
fVNLPDTEMWNKf,FVNLPDTEMWNKF,41.71854666666667,29.25462444444445
fVNLPDTSHFNKf,FVNLPDTSHFNKF,25.88687555555556,20.53733666666667
fVNLPDTSHWNKf,FVNLPDTSHWNKF,26.77527333333333,21.72244444444445
fVNLPDTSMFNKf,FVNLPDTSMFNKF,24.624540000000007,29.25274111111111
fVNLPDTSMWNKf,FVNLPDTSMWNKF,41.909466666666674,29.209672222222228
fVNLPYIEHFNKf,FVNLPYIEHFNKF,29.772196666666662,26.583031111111115
fVNLPYIEHWNKf,FVNLPYIEHWNKF,30.24815555555556,27.126841111111112
fVNLPYIEMFNKf,FVNLPYIEMFNKF,26.38554444444445,45.725706666666696
fVNLPYIEMWNKf,FVNLPYIEMWNKF,48.56793333333334,45.60954666666669
fVNLPYISHFNKf,FVNLPYISHFNKF,29.454060000000005,26.26785111111112
fVNLPYISHWNKf,FVNLPYISHWNKF,29.974982222222227,26.88911555555556
fVNLPYISMWNKf,FVNLPYISMWNKF,48.39122000000003,45.2558866666667
fVNLPYTEHFNKf,FVNLPYTEHFNKF,26.635228888888893,22.33904
fVNLPYTEHWNKf,FVNLPYTEHWNKF,27.316942222222224,23.52144
fVNLPYTEMFNKf,FVNLPYTEMFNKF,45.76729333333336,34.98120000000003
fVNLPYTSHFNKf,FVNLPYTSHFNKF,26.174333333333337,21.54906
fVNLPYTSHWNKf,FVNLPYTSHWNKF,26.867397777777786,22.88441444444445
fVNLPYTSMFNKf,FVNLPYTSMFNKF,45.327140000000014,32.4682866666667
fVNLPYTSMWNKf,FVNLPYTSMWNKF,44.711400000000026,30.94098777777778
fYIEHFNKf,FYIEHFNKF,19.67510777777778,18.95079277777777
fYIEHWNKf,FYIEHWNKF,20.30248,19.51567333333333
fYIEMFNKf,FYIEMFNKF,30.89546666666667,29.67578888888889
fYIEMWNKf,FYIEMWNKF,30.29506222222222,29.49951333333334
fYISHFNKf,FYISHFNKF,18.90497055555556,18.2361
fYISHWNKf,FYISHWNKF,19.557272222222224,18.723242777777777
fYISMFNKf,FYISMFNKF,29.63606111111112,29.12754444444445
fYISMWNKf,FYISMWNKF,29.63331888888889,29.28414555555556
fYTEHFNKf,FYTEHFNKF,17.718856111111112,15.95473777777778
fYTEHWNKf,FYTEHWNKF,18.439597777777777,16.59896888888889
fYTEMFNKf,FYTEMFNKF,28.37355,25.025230000000008
fYTEMWNKf,FYTEMWNKF,27.88228,24.978617777777785
fYTSHFNKf,FYTSHFNKF,17.066147222222224,15.01351277777778
fYTSHWNKf,FYTSHWNKF,17.7641,15.71115888888889
fYTSMFNKf,FYTSMFNKF,27.18395888888889,24.291191111111115
fYTSMWNKf,FYTSMWNKF,27.061633333333337,24.21408
